year,word,n,n_cume
2017,ability,1,1
2019,ability,1,2
2022,ability,2,4
2020,able,1,1
2021,able,1,2
2020,absence,1,1
2022,absence,1,2
2019,absolutely,1,1
2016,abstract,1,1
2019,abstract,1,2
2017,abstracts,1,1
2021,acad,1,1
2019,academia,1,1
2021,academy,1,1
2016,access,2,2
2019,access,4,6
2020,access,3,9
2021,access,1,10
2021,accessed,1,1
2017,accessible,1,1
2018,accessible,3,4
2020,accessible,1,5
2022,accessible,1,6
2018,accessibly,1,1
2019,accessing,1,1
2020,accessing,2,3
2021,accessing,1,4
2020,account,1,1
2021,accountants,1,1
2021,accounting,1,1
2021,accountingauditing,4,4
2016,achieve,1,1
2019,achieve,1,2
2018,achieved,1,1
2021,achieved,1,2
2022,achievement,1,1
2018,achievements,1,1
2018,achieving,1,1
2017,across,1,1
2018,across,2,3
2021,across,2,5
2022,across,1,6
2018,actions,1,1
2018,active,1,1
2019,active,1,2
2020,active,1,3
2017,activities,1,1
2018,activities,5,6
2019,acts,1,1
2017,adaptation,1,1
2018,adapted,1,1
2017,adapting,1,1
2016,add,1,1
2018,add,1,2
2020,add,1,3
2022,add,1,4
2016,additional,1,1
2017,additional,2,3
2018,additional,2,5
2019,additional,1,6
2017,additionally,1,1
2018,additionally,1,2
2023,additionally,1,3
2016,address,1,1
2019,address,2,3
2021,address,2,5
2022,address,1,6
2022,addressed,1,1
2022,addresses,4,4
2023,addresses,1,5
2019,addressing,2,2
2021,addressing,1,3
2023,adhere,1,1
2020,adhoc,1,1
2021,adjust,1,1
2018,adjustment,1,1
2021,adjustments,1,1
2017,administrator,1,1
2021,administrator,1,2
2021,adopt,1,1
2018,adoption,2,2
2021,advanced,1,1
2021,advancements,1,1
2018,advocacy,1,1
2019,afl,1,1
2021,africa,4,4
2021,african,1,1
2019,afterwards,1,1
2021,age,1,1
2021,aged,1,1
2019,agencies,1,1
2020,aggregate,1,1
2022,aggregating,1,1
2018,agnostic,1,1
2018,ago,1,1
2021,ago,1,2
2018,agriculture,1,1
2019,aid,1,1
2019,aim,4,4
2021,aim,2,6
2022,aim,2,8
2020,aimed,1,1
2020,aiming,1,1
2016,aims,3,3
2017,aims,5,8
2018,aims,6,14
2019,aims,4,18
2020,aims,4,22
2021,aims,2,24
2022,aims,3,27
2023,aims,4,31
2018,al,1,1
2021,al,1,2
2022,alert,1,1
2019,alexgrocenauedu,1,1
2023,algorithm,1,1
2018,algorithms,2,2
2023,aligns,1,1
2018,alleviate,1,1
2022,allmanual,1,1
2016,allow,1,1
2017,allow,1,2
2018,allow,3,5
2019,allow,2,7
2020,allow,1,8
2017,allowing,1,1
2019,allowing,1,2
2016,allows,1,1
2018,allows,1,2
2019,allows,2,4
2022,allows,1,5
2018,allr,1,1
2017,along,1,1
2019,along,1,2
2021,along,1,3
2018,already,2,2
2019,already,2,4
2020,already,2,6
2021,already,1,7
2017,also,3,3
2018,also,7,10
2019,also,3,13
2020,also,3,16
2021,also,2,18
2022,also,2,20
2021,alternatives,1,1
2016,although,2,2
2019,although,1,3
2020,although,1,4
2021,although,1,5
2021,altimeter,1,1
2020,altrep,1,1
2019,amount,1,1
2017,analyse,1,1
2019,analyses,3,3
2016,analysis,2,2
2018,analysis,1,3
2019,analysis,6,9
2020,analysis,2,11
2021,analysis,2,13
2022,analysis,2,15
2020,analytical,1,1
2020,analytics,1,1
2018,analyze,1,1
2019,analyze,1,2
2022,analyze,1,3
2017,analyzed,1,1
2018,andor,1,1
2016,andrew,1,1
2018,annotate,1,1
2018,annotation,1,1
2021,annual,1,1
2018,answer,1,1
2017,anyone,1,1
2018,anyone,1,2
2017,anywhere,1,1
2021,apache,1,1
2017,api,2,2
2018,api,1,3
2021,api,3,6
2023,api,1,7
2023,apir,2,2
2020,apis,2,2
2023,apis,2,4
2021,appeal,1,1
2018,appear,1,1
2016,appelhans,1,1
2019,applicable,1,1
2018,application,1,1
2019,application,1,2
2021,application,1,3
2016,applications,1,1
2019,applications,1,2
2020,applications,1,3
2021,applications,2,5
2018,applied,1,1
2019,applied,1,2
2017,apply,1,1
2019,apply,1,2
2018,approach,1,1
2019,approach,4,5
2020,approach,2,7
2022,approachable,1,1
2020,appropriate,1,1
2021,appropriate,1,2
2017,apps,1,1
2020,april,1,1
2017,aprof,1,1
2021,areas,1,1
2018,arises,1,1
2021,arithmetic,1,1
2019,arizona,1,1
2018,around,1,1
2019,around,4,5
2020,around,2,7
2019,array,1,1
2017,arrays,2,2
2021,arrow,1,1
2022,article,1,1
2022,articles,2,2
2018,aspects,1,1
2018,assemble,1,1
2017,assess,1,1
2018,assessment,1,1
2019,assessment,3,4
2020,assets,1,1
2023,assigned,1,1
2018,assist,1,1
2022,assist,1,2
2018,assistant,1,1
2021,assistants,1,1
2018,associated,1,1
2021,associated,1,2
2019,assume,2,2
2019,attach,1,1
2021,attitudes,1,1
2021,attract,1,1
2021,attracting,1,1
2018,attractive,1,1
2017,auckland,1,1
2019,audiences,1,1
2021,audiences,1,2
2021,auditing,1,1
2021,auditors,2,2
2017,australia,1,1
2023,authentic,1,1
2021,authenticate,1,1
2020,authentication,1,1
2023,authentication,1,2
2016,authors,1,1
2017,authors,1,2
2018,authors,2,4
2019,automate,1,1
2021,automate,1,2
2023,automate,2,4
2017,automated,2,2
2018,automated,1,3
2020,automated,1,4
2021,automated,1,5
2023,automated,1,6
2023,automates,1,1
2017,automatically,1,1
2022,automatically,1,2
2017,automatises,1,1
2016,available,1,1
2017,available,2,3
2018,available,7,10
2019,available,5,15
2021,available,2,17
2022,available,1,18
2016,awarded,1,1
2017,aws,1,1
2018,aws,3,4
2018,axes,1,1
2018,azure,3,3
2018,b,1,1
2016,back,1,1
2017,backend,4,4
2018,backend,1,5
2021,backend,2,7
2022,backend,1,8
2017,backends,3,3
2018,backends,2,5
2019,backends,1,6
2020,backends,1,7
2021,backends,2,9
2023,backends,1,10
2018,background,2,2
2021,backgrounds,2,2
2016,base,1,1
2017,base,1,2
2016,based,1,1
2018,based,1,2
2019,based,1,3
2020,based,2,5
2021,based,1,6
2022,based,3,9
2023,based,3,12
2019,basic,1,1
2020,basic,1,2
2021,basic,1,3
2016,basics,1,1
2021,basics,1,2
2018,basis,1,1
2022,basis,1,2
2017,become,1,1
2020,become,1,2
2021,becomes,2,2
2021,becoming,1,1
2021,begin,1,1
2022,beginnerfriendly,1,1
2021,behaviour,1,1
2017,benefit,1,1
2019,benefit,1,2
2023,benefiting,1,1
2017,best,2,2
2018,best,2,4
2020,best,2,6
2021,best,1,7
2017,better,1,1
2018,better,1,2
2020,better,1,3
2021,better,2,5
2020,beyond,1,1
2021,beyond,1,2
2022,bias,1,1
2016,big,1,1
2021,big,1,2
2018,binaries,1,1
2017,binary,3,3
2018,binary,1,4
2021,bioconductor,1,1
2021,bioinformatics,1,1
2019,biologists,1,1
2019,biopharmaceutical,2,2
2021,bitesized,1,1
2018,blog,1,1
2022,blogdown,1,1
2021,blood,2,2
2021,bodies,1,1
2020,book,3,3
2021,book,1,4
2019,books,1,1
2019,bounding,1,1
2021,bounding,1,2
2018,box,1,1
2019,box,1,2
2021,box,1,3
2018,boxes,1,1
2019,boyd,1,1
2020,brand,1,1
2019,break,1,1
2016,bridge,1,1
2019,bridge,1,2
2017,bridging,1,1
2020,bring,1,1
2021,bring,1,2
2021,bringing,1,1
2020,brings,1,1
2019,broad,2,2
2021,broad,2,4
2021,broaden,1,1
2019,broadly,1,1
2021,browse,1,1
2021,browserbased,1,1
2018,bugs,1,1
2019,bugs,3,4
2016,build,1,1
2018,build,4,5
2019,build,4,9
2020,build,4,13
2023,build,1,14
2017,building,1,1
2019,building,1,2
2020,building,1,3
2022,building,1,4
2023,building,1,5
2018,buildingblocks,1,1
2018,builds,1,1
2019,built,1,1
2019,builtin,1,1
2017,bulk,1,1
2020,bundle,1,1
2019,burden,2,2
2018,bureau,3,3
2021,business,2,2
2017,c,2,2
2018,c,1,3
2019,c,1,4
2019,calculation,2,2
2019,calculations,1,1
2017,calculus,1,1
2017,call,2,2
2018,called,1,1
2020,called,1,2
2021,called,1,3
2023,called,1,4
2019,calls,1,1
2016,can,1,1
2017,can,3,4
2018,can,8,12
2019,can,5,17
2020,can,3,20
2021,can,5,25
2022,can,1,26
2016,capabilities,4,4
2018,capabilities,3,7
2019,capabilities,1,8
2021,capabilities,1,9
2018,capability,1,1
2019,capability,1,2
2018,captions,1,1
2021,carefully,1,1
2017,case,1,1
2018,case,1,2
2019,case,1,3
2019,cases,3,3
2020,cases,1,4
2018,catalizing,1,1
2021,catalog,1,1
2018,catalogues,1,1
2023,categories,1,1
2017,cc,1,1
2018,cc,1,2
2019,cc,4,6
2018,census,6,6
2021,center,1,1
2016,central,1,1
2019,central,3,4
2020,central,2,6
2020,centralise,1,1
2020,centralize,1,1
2019,certain,1,1
2017,chair,1,1
2020,challenge,1,1
2021,challenge,2,3
2020,challenges,1,1
2018,challenging,1,1
2019,challenging,1,2
2020,chamberlain,1,1
2018,chambers,1,1
2018,chance,1,1
2019,changes,2,2
2021,changes,1,3
2018,changing,1,1
2020,chapter,1,1
2020,chapters,1,1
2018,charts,1,1
2022,checking,1,1
2019,chemical,4,4
2023,chemical,3,7
2019,chemists,1,1
2018,choice,1,1
2018,chose,1,1
2021,chosen,1,1
2016,christoph,1,1
2018,christoph,1,2
2017,citizens,1,1
2017,civil,2,2
2019,class,3,3
2017,classes,1,1
2020,classes,3,4
2019,classic,1,1
2021,client,1,1
2023,clients,1,1
2018,clientserver,1,1
2017,climate,1,1
2021,climb,1,1
2017,cloud,2,2
2018,cloud,2,4
2021,cloud,2,6
2017,cloudbased,1,1
2017,cluster,1,1
2016,code,1,1
2017,code,6,7
2018,code,5,12
2019,code,8,20
2020,code,3,23
2018,codes,3,3
2019,coding,2,2
2021,coding,2,4
2022,coding,1,5
2018,collaborate,1,1
2016,collaboration,1,1
2018,collaborative,2,2
2020,collated,1,1
2019,collating,1,1
2019,collector,1,1
2018,color,2,2
2018,colors,1,1
2018,combination,1,1
2018,combine,1,1
2017,come,1,1
2021,comfortable,1,1
2016,comments,1,1
2017,commingles,1,1
2016,common,1,1
2018,common,2,3
2019,common,1,4
2021,common,2,6
2017,commons,1,1
2019,communicating,1,1
2018,communication,1,1
2023,communication,1,2
2021,communications,1,1
2023,communications,1,2
2019,communities,1,1
2020,communities,3,4
2016,community,2,2
2017,community,2,4
2018,community,4,8
2019,community,4,12
2020,community,2,14
2021,community,2,16
2022,community,7,23
2023,community,2,25
2016,communityled,1,1
2018,companies,2,2
2017,compatibility,1,1
2018,compatibility,1,2
2020,compatibility,1,3
2021,compatibility,1,4
2023,compatibility,2,6
2016,compatible,1,1
2017,compiler,1,1
2018,compiler,1,2
2020,complement,1,1
2022,complement,1,2
2019,complementary,1,1
2019,complete,1,1
2021,complete,2,3
2018,completeness,1,1
2018,complex,3,3
2022,complex,1,4
2021,compliant,1,1
2018,component,2,2
2019,component,1,3
2023,compound,2,2
2023,compounds,1,1
2018,comprehension,1,1
2022,comprehensive,1,1
2023,compromised,1,1
2021,computation,1,1
2019,computations,1,1
2019,computer,1,1
2017,computing,3,3
2018,computing,1,4
2019,computing,1,5
2020,computing,1,6
2019,concept,1,1
2019,conceptual,1,1
2018,concern,1,1
2016,concerns,1,1
2016,conditions,1,1
2017,conduct,1,1
2021,conduct,1,2
2017,conducted,1,1
2017,conference,2,2
2021,conference,1,3
2016,conferences,1,1
2017,conform,1,1
2017,conformance,1,1
2018,confusion,1,1
2020,connection,1,1
2023,connections,1,1
2017,consequence,1,1
2017,consider,1,1
2016,considerable,1,1
2016,considerations,1,1
2021,considered,1,1
2018,consist,1,1
2022,consist,1,2
2018,consistency,2,2
2018,consistent,3,3
2020,consolidate,2,2
2016,consortium,1,1
2017,consortium,2,3
2018,consortium,6,9
2019,consortium,1,10
2022,consortium,1,11
2018,construction,1,1
2021,consuming,1,1
2017,contact,1,1
2018,contact,2,3
2017,contain,1,1
2020,containing,1,1
2017,content,1,1
2018,content,2,3
2022,content,1,4
2019,contents,1,1
2021,contents,1,2
2021,continent,1,1
2018,continuing,1,1
2022,continuing,1,2
2020,continuously,1,1
2018,contribute,1,1
2019,contribute,2,3
2020,contribute,2,5
2021,contribute,3,8
2020,contributed,1,1
2019,contributions,1,1
2020,contributions,1,2
2018,contributors,1,1
2020,contributors,1,2
2019,convenient,1,1
2018,convert,1,1
2020,converters,1,1
2019,convex,2,2
2018,cooperate,1,1
2019,coordinates,5,5
2021,coordinators,3,3
2020,copula,1,1
2018,copyediting,1,1
2019,core,1,1
2021,core,2,3
2016,cornerstone,1,1
2018,correlated,1,1
2019,corresponding,1,1
2017,countries,2,2
2021,countries,5,7
2021,country,1,1
2017,countryrelevant,1,1
2016,course,1,1
2021,course,2,3
2022,course,1,4
2021,courses,1,1
2019,cover,1,1
2019,coveragedriven,2,2
2020,covid,5,5
2017,cran,4,4
2018,cran,5,9
2020,cran,5,14
2021,cran,6,20
2022,cran,1,21
2023,cran,1,22
2021,cranecosystem,1,1
2016,create,1,1
2017,create,3,4
2018,create,4,8
2019,create,2,10
2020,create,3,13
2021,create,5,18
2022,create,1,19
2016,creating,2,2
2018,creating,3,5
2019,creating,1,6
2020,creating,1,7
2017,creation,1,1
2018,creation,3,4
2019,creation,1,5
2022,creation,2,7
2023,creation,1,8
2017,creative,1,1
2019,creators,1,1
2019,critical,2,2
2020,critical,1,3
2020,crm,1,1
2019,crossindustry,1,1
2020,crucial,2,2
2022,crucial,1,3
2020,crul,1,1
2017,csos,1,1
2020,csárdi,1,1
2021,culminating,1,1
2021,cultural,1,1
2020,curate,1,1
2022,curated,1,1
2020,curating,1,1
2020,curator,1,1
2020,curl,1,1
2016,current,2,2
2018,current,2,4
2019,current,2,6
2020,current,2,8
2021,current,1,9
2022,current,2,11
2023,current,1,12
2016,currently,2,2
2018,currently,3,5
2019,currently,5,10
2018,curriculum,1,1
2021,curriculum,3,4
2019,curve,1,1
2019,curves,1,1
2018,custom,1,1
2021,customizations,1,1
2018,customize,1,1
2021,customized,1,1
2019,cvxpy,1,1
2019,cvxr,3,3
2019,cyber,1,1
2019,d,3,3
2022,d,1,4
2018,daily,1,1
2018,daróczi,1,1
2018,dashboards,1,1
2016,data,13,13
2017,data,18,31
2018,data,20,51
2019,data,8,59
2020,data,18,77
2021,data,34,111
2022,data,15,126
2023,data,4,130
2016,database,2,2
2017,database,2,4
2018,database,2,6
2020,database,4,10
2021,database,1,11
2018,databases,1,1
2019,databases,2,3
2020,databases,1,4
2021,databases,2,6
2023,databases,3,9
2018,datadriven,2,2
2022,dataset,1,1
2018,datasets,2,2
2021,datasets,2,4
2022,datasets,3,7
2020,date,1,1
2017,day,2,2
2017,dbi,4,4
2018,dbi,6,10
2021,dbi,3,13
2023,dbi,1,14
2018,dbitest,1,1
2021,dbitest,1,2
2023,dbitest,1,3
2020,dbplyr,1,1
2019,dcp,1,1
2017,ddr,2,2
2019,deal,1,1
2020,debugging,1,1
2018,decades,1,1
2021,decimals,1,1
2018,decipher,1,1
2018,declared,1,1
2019,deconstruction,1,1
2017,dedicated,1,1
2022,deep,1,1
2019,deepstate,3,3
2022,default,1,1
2018,define,1,1
2018,defined,1,1
2019,defined,1,2
2017,defines,1,1
2017,deliver,1,1
2019,deliver,1,2
2022,deliver,1,3
2022,deliverable,1,1
2016,demand,1,1
2022,dengue,7,7
2017,dense,1,1
2018,dependence,1,1
2020,dependence,1,2
2017,dependencies,1,1
2020,dependencies,1,2
2019,depicting,1,1
2018,deploy,2,2
2021,deploy,1,3
2021,deployable,1,1
2020,deployed,1,1
2018,deploying,2,2
2022,deployment,1,1
2017,deployments,1,1
2021,depositing,1,1
2021,deprived,2,2
2019,derivatives,1,1
2018,describe,1,1
2019,describe,1,2
2018,described,1,1
2019,described,1,2
2021,described,1,3
2018,describing,2,2
2016,design,1,1
2018,design,1,2
2019,design,5,7
2018,designed,1,1
2019,designed,1,2
2021,designed,2,4
2017,desktops,1,1
2022,desolve,1,1
2017,despite,1,1
2019,despite,2,3
2016,detail,1,1
2017,detailed,1,1
2017,determined,1,1
2016,detsch,1,1
2016,develop,2,2
2017,develop,2,4
2018,develop,1,5
2019,develop,3,8
2020,develop,3,11
2021,develop,3,14
2022,develop,1,15
2023,develop,2,17
2017,developed,2,2
2018,developed,1,3
2020,developed,1,4
2021,developed,1,5
2018,developer,1,1
2016,developers,2,2
2018,developers,5,7
2019,developers,3,10
2020,developers,2,12
2023,developers,1,13
2018,developing,1,1
2019,developing,2,3
2020,developing,1,4
2022,developing,1,5
2016,development,1,1
2017,development,1,2
2018,development,5,7
2019,development,4,11
2020,development,6,17
2021,development,3,20
2022,development,4,24
2023,development,2,26
2017,developments,1,1
2019,developments,1,2
2020,developments,2,4
2020,develops,1,1
2019,diagnosing,1,1
2018,differences,1,1
2022,differences,1,2
2017,different,1,1
2018,different,3,4
2019,different,1,5
2020,different,1,6
2021,different,2,8
2022,differential,1,1
2016,difficult,1,1
2019,difficult,2,3
2021,difficult,2,5
2018,difficulty,1,1
2021,dig,1,1
2019,digital,1,1
2017,dimensional,1,1
2020,direct,2,2
2018,directive,1,1
2017,directly,1,1
2022,discarded,1,1
2019,disciplined,1,1
2018,disciplines,1,1
2022,discouraging,1,1
2018,discovering,1,1
2022,discussions,1,1
2020,disease,2,2
2022,disease,1,3
2020,disk,1,1
2022,displayed,1,1
2021,disruption,1,1
2023,dissemination,1,1
2016,distributed,1,1
2017,distributed,5,6
2020,distributed,1,7
2023,distributed,1,8
2017,distributedr,1,1
2020,distribution,1,1
2019,diverse,1,1
2021,diverse,2,3
2022,diverse,1,4
2023,diverse,1,5
2021,diversify,1,1
2020,diversity,2,2
2018,document,2,2
2022,document,1,3
2016,documentation,7,7
2018,documentation,4,11
2019,documentation,4,15
2021,documentation,2,17
2022,documentation,3,20
2023,documentation,1,21
2018,documented,1,1
2018,documents,2,2
2020,documents,2,4
2020,doesnt,1,1
2018,domain,1,1
2019,domain,2,3
2021,domain,1,4
2021,domains,1,1
2022,domains,2,3
2017,done,1,1
2018,done,2,3
2017,download,1,1
2021,download,1,2
2021,downloading,1,1
2023,downloading,1,2
2020,dplyr,1,1
2021,dplyr,2,3
2017,dplyrstyle,1,1
2019,dpo,1,1
2022,dpo,2,3
2018,draw,3,3
2017,driver,1,1
2020,driving,1,1
2017,dropin,1,1
2022,dropped,3,3
2018,due,2,2
2019,due,1,3
2020,due,1,4
2021,due,3,7
2019,duel,1,1
2016,duplication,1,1
2019,dynamic,1,1
2018,earlier,1,1
2017,earth,1,1
2021,earth,1,2
2017,ease,1,1
2018,ease,2,3
2020,ease,1,4
2016,easier,1,1
2017,easier,1,2
2018,easier,3,5
2020,easier,3,8
2018,easily,3,3
2019,easily,1,4
2020,easily,1,5
2021,easily,2,7
2021,east,2,2
2019,easy,3,3
2020,easy,1,4
2022,easy,2,6
2022,easytofollow,1,1
2019,easytouse,4,4
2018,ecological,1,1
2022,ecological,1,2
2018,ecology,1,1
2019,ecology,1,2
2016,ecosystem,1,1
2020,ecosystem,1,2
2021,ecosystem,3,5
2023,ecosystem,1,6
2018,editorial,1,1
2018,education,1,1
2022,education,1,2
2018,educational,1,1
2019,educational,1,2
2022,educational,1,3
2021,educationalist,1,1
2017,effectively,1,1
2018,effectively,1,2
2023,effectiveness,1,1
2018,effects,3,3
2021,efficient,1,1
2023,efficient,1,2
2016,efficiently,1,1
2016,effort,1,1
2017,effort,1,2
2022,effort,1,3
2023,effort,1,4
2017,efforts,1,1
2018,efforts,1,2
2017,eg,1,1
2018,eg,3,4
2019,eg,3,7
2021,eg,1,8
2019,either,2,2
2021,electrical,1,1
2021,electronic,1,1
2022,element,2,2
2018,elements,2,2
2021,elements,1,3
2022,elements,1,4
2020,eliminates,1,1
2017,eliminating,1,1
2022,elliptic,1,1
2019,else,1,1
2019,emailing,1,1
2018,eml,1,1
2022,employ,1,1
2017,empower,1,1
2020,empower,1,2
2016,enable,2,2
2017,enable,1,3
2019,enable,2,5
2021,enable,2,7
2022,enable,1,8
2018,enabled,1,1
2017,enables,1,1
2016,enabling,2,2
2017,enabling,1,3
2019,enabling,1,4
2018,enclosed,1,1
2017,encourage,1,1
2018,encourage,2,3
2019,encouraged,1,1
2023,encrypted,1,1
2023,encryption,1,1
2021,end,1,1
2023,endpoints,1,1
2019,engage,1,1
2022,engage,1,2
2017,engaged,1,1
2021,engine,2,2
2021,engineering,3,3
2022,engineering,1,4
2021,engineers,1,1
2017,engines,1,1
2016,english,1,1
2017,english,1,2
2016,enhance,1,1
2021,enhance,1,2
2023,enhance,2,4
2021,enhancement,1,1
2018,enhancements,1,1
2021,enhancements,1,2
2017,ensure,1,1
2020,ensure,1,2
2023,ensure,1,3
2021,ensuring,2,2
2022,ensuring,1,3
2023,ensuring,1,4
2020,entire,1,1
2020,entries,1,1
2017,entry,1,1
2020,entry,1,2
2016,environment,1,1
2017,environment,2,3
2019,environment,2,5
2021,environment,1,6
2023,environment,1,7
2019,environmental,1,1
2021,environmental,2,3
2022,environmental,2,5
2019,environments,1,1
2023,environments,1,2
2020,epidemiological,1,1
2020,epidemiology,1,1
2022,epidemiology,1,2
2019,equations,2,2
2022,equations,1,3
2017,equitable,1,1
2018,equivalent,1,1
2016,error,2,2
2017,error,1,3
2016,errors,1,1
2017,errors,4,5
2019,erum,1,1
2019,especially,1,1
2021,especially,1,2
2022,essential,1,1
2018,establish,1,1
2021,establish,1,2
2020,establishment,1,1
2019,estimation,1,1
2023,estimation,1,2
2018,et,1,1
2021,et,1,2
2018,etc,2,2
2020,etc,1,3
2021,etc,3,6
2021,ethnic,1,1
2021,ethnically,1,1
2018,eu,1,1
2017,europe,1,1
2017,evaluate,1,1
2017,evaluation,1,1
2018,evaluation,2,3
2019,evaluations,1,1
2019,evaluationtesting,1,1
2022,even,1,1
2022,event,2,2
2016,events,1,1
2017,events,1,2
2017,eventually,1,1
2018,eventually,1,2
2020,everyone,1,1
2019,evidence,3,3
2021,evolving,1,1
2023,evolving,1,2
2016,example,1,1
2019,example,1,2
2017,examples,1,1
2018,examples,2,3
2019,examples,1,4
2020,examples,1,5
2021,examples,2,7
2022,examples,1,8
2019,exams,1,1
2017,excellent,1,1
2019,excellent,2,3
2016,exchange,1,1
2018,exciting,1,1
2017,execution,2,2
2019,execution,1,3
2018,exercises,1,1
2016,exist,2,2
2017,existence,1,1
2016,existing,1,1
2017,existing,2,3
2018,existing,2,5
2019,existing,3,8
2020,existing,6,14
2021,existing,4,18
2022,existing,3,21
2023,existing,2,23
2020,exists,1,1
2018,expand,1,1
2019,expand,1,2
2022,expand,1,3
2022,expanding,1,1
2023,expanding,1,2
2020,expect,1,1
2021,expectations,1,1
2019,expected,2,2
2021,expected,1,3
2019,expensive,1,1
2016,experience,1,1
2018,experience,1,2
2020,experience,1,3
2019,experienced,1,1
2018,experiences,1,1
2020,experiment,1,1
2018,experimentation,1,1
2019,experts,1,1
2021,experts,1,2
2017,explain,1,1
2021,exploration,1,1
2018,explore,2,2
2022,explore,1,3
2017,explores,1,1
2016,expose,1,1
2018,expressions,1,1
2016,extend,3,3
2017,extend,1,4
2020,extend,1,5
2021,extend,1,6
2018,extended,1,1
2021,extending,1,1
2018,extends,1,1
2020,extends,2,3
2021,extends,1,4
2019,extensible,1,1
2020,extensible,1,2
2018,extension,1,1
2021,extension,1,2
2021,extensive,1,1
2022,extensive,1,2
2017,external,3,3
2018,external,1,4
2019,external,1,5
2022,external,1,6
2021,extreme,1,1
2019,extremely,1,1
2017,facilitate,1,1
2018,facilitate,2,3
2019,facilitate,2,5
2021,facilitate,3,8
2023,facilitate,1,9
2021,facilitating,1,1
2017,facilities,1,1
2021,factor,1,1
2020,fail,1,1
2018,fair,1,1
2019,fall,2,2
2017,familiar,1,1
2018,familiar,1,2
2019,familiar,2,4
2021,familiar,2,6
2017,farms,1,1
2021,fast,1,1
2022,fast,1,2
2020,faster,1,1
2018,feat,1,1
2021,feature,2,2
2016,features,1,1
2018,features,1,2
2019,features,1,3
2021,features,1,4
2018,federate,1,1
2018,feel,1,1
2022,fem,2,2
2017,female,1,1
2022,femr,2,2
2021,fetch,1,1
2021,field,1,1
2019,fields,1,1
2022,fields,1,2
2017,file,1,1
2018,fill,1,1
2020,filling,1,1
2022,final,1,1
2020,finalized,1,1
2018,finally,1,1
2021,finally,2,3
2018,finance,1,1
2019,finance,1,2
2021,finance,2,4
2018,find,2,2
2019,find,1,3
2021,find,1,4
2018,findable,1,1
2019,finding,1,1
2020,finding,1,2
2021,finding,1,3
2022,finish,1,1
2022,finite,4,4
2016,first,2,2
2017,first,1,3
2019,first,3,6
2022,first,1,7
2018,firstclass,1,1
2017,fit,1,1
2020,fit,1,2
2018,fitting,1,1
2021,fiveyear,1,1
2021,fixed,1,1
2019,fixing,1,1
2019,flat,1,1
2018,flexibility,1,1
2016,flexible,1,1
2019,flexible,2,3
2020,flexible,2,5
2019,flip,1,1
2019,flipbook,1,1
2019,flipbookbuilding,2,2
2019,flipbooks,3,3
2019,flipping,1,1
2016,florian,1,1
2018,florian,1,2
2016,flow,1,1
2020,flow,1,2
2018,fluent,1,1
2017,focus,1,1
2018,focus,1,2
2022,focusareas,1,1
2017,focused,1,1
2018,focused,1,2
2021,focuses,3,3
2022,focuses,1,4
2023,focuses,2,6
2020,follow,1,1
2021,follows,1,1
2017,followup,1,1
2018,followup,1,2
2018,fonts,1,1
2016,force,2,2
2020,forecast,1,1
2018,forest,1,1
2019,form,1,1
2020,form,1,2
2021,form,1,3
2017,formal,1,1
2021,formalization,1,1
2018,format,1,1
2020,format,1,2
2022,format,1,3
2020,formats,1,1
2021,formats,1,2
2018,formatting,3,3
2018,formula,2,2
2018,formulae,6,6
2018,formulas,1,1
2018,formulate,1,1
2021,formulate,1,2
2019,formulating,1,1
2019,formulation,1,1
2018,fortran,1,1
2020,forum,1,1
2018,forward,1,1
2021,forward,1,2
2017,forwards,1,1
2018,foster,1,1
2022,foster,1,2
2018,fosters,1,1
2018,foundation,1,1
2023,foundation,1,2
2021,four,1,1
2022,four,1,2
2017,fraction,1,1
2019,fragmented,1,1
2020,fragmented,1,2
2016,framework,4,4
2017,framework,3,7
2018,framework,1,8
2019,framework,2,10
2020,framework,1,11
2021,framework,1,12
2017,frameworks,2,2
2018,frameworks,1,3
2019,frameworks,1,4
2018,free,2,2
2020,free,1,3
2019,freely,1,1
2017,french,1,1
2022,frequently,1,1
2020,fromto,1,1
2019,frontend,1,1
2022,frontend,1,2
2019,fu,1,1
2017,full,1,1
2020,full,1,2
2017,fully,1,1
2020,fully,2,3
2018,fultz,1,1
2017,function,1,1
2019,function,1,2
2021,function,1,3
2023,function,1,4
2023,functional,2,2
2021,functionalities,4,4
2022,functionalities,1,5
2017,functionality,1,1
2018,functionality,1,2
2019,functionality,2,4
2020,functionality,1,5
2021,functionality,1,6
2023,functionality,1,7
2018,functions,7,7
2019,functions,5,12
2020,functions,1,13
2017,fund,1,1
2018,fund,1,2
2019,fundamental,1,1
2018,funded,1,1
2021,funded,1,2
2023,funded,1,3
2022,funding,1,1
2022,funds,1,1
2017,future,6,6
2018,future,1,7
2019,future,1,8
2020,future,1,9
2021,future,1,10
2017,futurebatchtools,1,1
2017,futurecallr,1,1
2019,fuzz,1,1
2019,fuzzers,4,4
2017,gap,1,1
2020,gap,1,2
2023,gap,1,3
2021,gaps,1,1
2021,gauge,1,1
2021,gee,3,3
2020,gender,1,1
2016,general,1,1
2021,general,1,2
2022,general,1,3
2018,generalisation,1,1
2021,generalize,2,2
2018,generally,1,1
2019,generally,1,2
2019,generate,2,2
2017,generated,1,1
2017,generating,1,1
2023,generating,1,2
2016,generation,1,1
2017,generator,1,1
2019,generic,1,1
2020,generic,1,2
2018,genstat,1,1
2018,geographic,3,3
2019,geographic,2,5
2019,geographical,2,2
2021,geography,1,1
2018,geometa,4,4
2019,geometry,1,1
2018,geosapi,2,2
2016,geospatial,4,4
2021,geospatial,4,8
2020,geostatistical,1,1
2018,gergely,1,1
2017,german,1,1
2021,get,1,1
2017,getting,1,1
2018,ggplot,2,2
2021,girl,1,1
2017,girls,1,1
2021,girls,2,3
2018,gis,1,1
2018,github,1,1
2020,github,2,3
2019,githubs,1,1
2018,give,1,1
2021,given,1,1
2020,gives,1,1
2020,global,4,4
2016,globally,1,1
2021,globally,1,2
2019,globe,1,1
2022,glossary,1,1
2018,gml,1,1
2021,goa,1,1
2016,goal,1,1
2017,goal,1,2
2018,goal,1,3
2021,goal,1,4
2022,goal,4,8
2023,goal,1,9
2016,goals,1,1
2019,goals,1,2
2020,good,1,1
2021,good,1,2
2022,good,1,3
2021,google,1,1
2019,googles,1,1
2019,governments,1,1
2018,governs,1,1
2023,gpl,1,1
2017,grant,1,1
2018,graphics,2,2
2017,grassroots,1,1
2018,great,1,1
2019,great,2,3
2018,greater,1,1
2021,green,1,1
2020,grew,1,1
2018,grid,2,2
2018,gridtext,1,1
2016,group,1,1
2017,group,2,3
2018,group,4,7
2019,group,3,10
2021,group,1,11
2018,groups,1,1
2020,groups,1,2
2021,groups,2,4
2022,groups,1,5
2023,groups,2,7
2016,growing,1,1
2018,growing,1,2
2019,growing,1,3
2020,growing,1,4
2021,growing,1,5
2016,grows,1,1
2020,growth,2,2
2018,grpc,1,1
2020,gstat,1,1
2021,guan,1,1
2018,guidance,1,1
2019,guidance,1,2
2020,guidance,5,7
2021,guidance,1,8
2022,guidance,1,9
2018,guide,1,1
2022,guide,1,2
2018,guidelines,1,1
2017,guiprofiler,1,1
2020,gábor,1,1
2019,hackathon,1,1
2019,hand,1,1
2021,hand,1,2
2017,handle,1,1
2019,handle,2,3
2020,handle,1,4
2018,handling,1,1
2019,handling,1,2
2019,happening,1,1
2017,hard,1,1
2018,hastie,1,1
2021,health,1,1
2017,hear,1,1
2017,held,2,2
2017,help,1,1
2018,help,4,5
2019,help,3,8
2020,help,2,10
2021,help,1,11
2018,helpful,1,1
2019,helpful,1,2
2022,helpful,1,3
2020,helping,1,1
2022,helps,1,1
2019,high,1,1
2022,high,1,2
2019,highcharter,1,1
2022,highcharts,1,1
2017,higher,1,1
2020,highest,1,1
2019,highlevel,1,1
2018,highlight,1,1
2022,highquality,1,1
2019,hindering,1,1
2022,hindering,1,2
2018,hinders,2,2
2018,historicalg,1,1
2017,homebrew,1,1
2018,homebrewcore,1,1
2018,homebrewcran,1,1
2017,hope,1,1
2018,hopefully,1,1
2018,hopes,1,1
2023,hopes,1,2
2017,host,1,1
2016,hosted,1,1
2017,however,1,1
2018,however,3,4
2019,however,4,8
2022,however,1,9
2016,htmlwidgets,3,3
2020,http,3,3
2017,httpforwardsgithubio,1,1
2018,httpscranrprojectorgpackage,2,2
2018,httpsdocsgooglecomformsdefaipqlsebleoptdmpsdhdmshjlxlukluyjdmtrzuxausqnqviewformusp,1,1
2019,httpsgeometryio,1,1
2021,httpsgithubcombnaraspip,1,1
2021,httpsgithubcombnarassbcpip,1,1
2017,httpsgithubcomedzerstars,1,1
2019,httpsgithubcomevamaereyflipbookr,1,1
2018,httpsgithubcomharlecinserverless,1,1
2019,httpsgithubcomrcascaracas,1,1
2018,httpsgitlabcomnashjchistoricalg,1,1
2017,httpswwwrdocumentationorgpackagesutilsversionstopicsrprof,1,1
2020,httptest,1,1
2020,httr,1,1
2019,hub,1,1
2022,hub,3,4
2019,hubs,1,1
2020,hubspot,1,1
2018,huge,1,1
2022,hugo,1,1
2021,icesat,3,3
2016,idea,1,1
2018,idea,1,2
2021,idea,1,3
2021,identically,1,1
2016,identify,2,2
2019,identify,1,3
2020,identify,1,4
2021,identify,1,5
2023,identify,1,6
2019,identifying,1,1
2017,idiomatic,1,1
2020,ie,1,1
2017,ii,1,1
2017,iii,1,1
2017,imagery,1,1
2019,impact,1,1
2021,impact,1,2
2023,impact,1,3
2020,impedes,2,2
2016,implement,1,1
2017,implement,1,2
2018,implement,1,3
2019,implement,2,5
2021,implement,2,7
2023,implement,1,8
2018,implementation,4,4
2019,implementation,1,5
2020,implementation,1,6
2022,implementations,1,1
2016,implemented,1,1
2017,implemented,1,2
2018,implemented,3,5
2019,implemented,1,6
2023,implemented,1,7
2018,implementers,1,1
2016,implementing,2,2
2017,implementing,2,4
2019,implementing,1,5
2020,implementing,1,6
2021,implementing,1,7
2022,implementing,1,8
2018,implements,1,1
2018,import,2,2
2019,importance,1,1
2016,important,1,1
2017,important,1,2
2017,importexport,1,1
2016,improve,1,1
2017,improve,2,3
2018,improve,2,5
2019,improve,1,6
2020,improve,2,8
2022,improve,1,9
2021,improved,1,1
2020,improvements,1,1
2023,improvements,1,2
2017,improves,1,1
2017,improving,1,1
2018,improving,1,2
2016,include,2,2
2018,include,1,3
2019,include,1,4
2022,include,3,7
2018,includes,1,1
2020,includes,1,2
2021,includes,2,4
2017,including,1,1
2018,including,1,2
2019,including,2,4
2020,including,1,5
2021,including,1,6
2022,including,2,8
2018,inclusiveness,1,1
2021,inclusivity,1,1
2018,incompatibly,1,1
2018,inconsistency,1,1
2020,incorporate,1,1
2021,incorporated,1,1
2016,increase,1,1
2017,increase,1,2
2019,increase,1,3
2018,increased,1,1
2021,increased,1,2
2020,increasing,1,1
2021,increasingly,1,1
2019,incremental,1,1
2018,indeed,1,1
2019,indeed,1,2
2021,independently,1,1
2018,individual,1,1
2019,individual,1,2
2021,individual,1,3
2017,individuals,1,1
2018,industry,1,1
2019,industry,1,2
2021,industry,1,3
2023,industry,1,4
2020,infectious,1,1
2023,infer,1,1
2018,influenced,1,1
2019,informatics,1,1
2017,information,3,3
2019,information,2,5
2020,information,3,8
2023,information,1,9
2018,infrastructure,1,1
2019,infrastructure,1,2
2020,infrastructure,1,3
2021,infrastructure,1,4
2022,infrastructure,4,8
2018,infrastructures,1,1
2018,ingestion,1,1
2023,inherit,1,1
2018,initial,1,1
2016,initially,1,1
2021,initially,1,2
2019,initiative,1,1
2023,initiative,2,3
2016,inline,1,1
2020,inmemory,1,1
2021,innercity,1,1
2016,innovation,1,1
2016,inperson,1,1
2019,inputs,2,2
2016,inside,1,1
2018,inside,1,2
2018,insights,1,1
2018,inspire,1,1
2019,install,1,1
2017,installable,1,1
2018,installers,1,1
2017,installing,1,1
2017,instance,1,1
2018,instance,1,2
2022,instead,1,1
2022,instructions,1,1
2018,instructors,1,1
2022,instructors,1,2
2021,insurance,1,1
2021,integers,1,1
2019,integrate,1,1
2020,integrate,2,3
2018,integrated,1,1
2017,integrates,1,1
2018,integration,1,1
2019,integration,1,2
2021,integration,1,3
2019,intention,1,1
2017,interact,1,1
2018,interact,1,2
2023,interact,1,3
2018,interacting,1,1
2020,interaction,2,2
2016,interactive,3,3
2018,interactive,1,4
2019,interactive,2,6
2020,interactive,1,7
2022,interactive,1,8
2016,interactively,1,1
2017,interest,1,1
2018,interest,1,2
2019,interest,1,3
2018,interested,1,1
2019,interested,2,3
2021,interested,1,4
2017,interface,3,3
2018,interface,3,6
2019,interface,2,8
2020,interface,1,9
2021,interface,4,13
2022,interface,2,15
2016,interfaces,1,1
2019,interfacing,1,1
2019,intermediate,1,1
2019,internal,2,2
2016,international,1,1
2019,internationalization,1,1
2019,internet,1,1
2020,internet,1,2
2017,internship,1,1
2018,interoperability,1,1
2018,interoperable,1,1
2020,interoperation,1,1
2019,interpackage,1,1
2019,interpretability,1,1
2017,interpreters,1,1
2016,introduce,1,1
2020,introduces,1,1
2022,introductory,1,1
2021,inventory,2,2
2019,inversion,1,1
2021,investigating,1,1
2018,invited,1,1
2019,involve,1,1
2023,involve,1,2
2020,involved,2,2
2016,involvement,1,1
2019,involvement,1,2
2019,involving,1,1
2022,involving,1,2
2020,irregular,5,5
2016,isc,2,2
2018,isc,1,3
2020,isc,1,4
2021,isc,3,7
2022,isc,1,8
2023,isc,1,9
2021,iscfunded,1,1
2022,iscfunded,2,3
2017,iscs,1,1
2018,iso,5,5
2019,isolation,1,1
2018,isoogc,2,2
2019,issue,2,2
2016,issues,1,1
2017,issues,1,2
2018,issues,1,3
2019,issues,2,5
2022,issues,1,6
2018,italics,1,1
2019,jandec,1,1
2016,javascript,3,3
2019,javascript,1,4
2020,javascript,1,5
2021,javascript,1,6
2020,javascriptjs,1,1
2018,john,1,1
2019,join,2,2
2020,join,1,3
2017,joint,1,1
2018,journal,2,2
2022,journal,3,5
2017,journalists,3,3
2021,journals,1,1
2020,js,2,2
2019,just,3,3
2021,just,1,4
2021,keen,1,1
2023,keeping,1,1
2021,kenya,1,1
2018,key,1,1
2020,key,1,2
2017,kind,1,1
2019,kinds,1,1
2018,knitr,1,1
2021,knowing,1,1
2022,knowing,1,2
2018,knowledge,1,1
2020,knowledge,1,2
2022,knowledge,1,3
2018,known,2,2
2018,kuhn,1,1
2018,label,1,1
2018,labeling,1,1
2016,lack,1,1
2018,lack,2,3
2019,lack,1,4
2020,lack,1,5
2021,lack,2,7
2023,lack,1,8
2019,lacking,1,1
2018,lacks,1,1
2018,lambda,3,3
2021,landscape,2,2
2016,language,4,4
2018,language,5,9
2019,language,2,11
2020,language,1,12
2021,language,1,13
2016,languages,2,2
2017,languages,1,3
2018,languages,1,4
2019,languages,1,5
2017,laptops,1,1
2020,large,1,1
2022,large,1,2
2019,largely,1,1
2020,largerthanmemory,1,1
2017,largescale,1,1
2018,last,1,1
2017,later,1,1
2018,later,1,2
2017,lawrence,1,1
2018,lay,1,1
2019,layer,1,1
2023,layer,1,2
2020,layout,1,1
2016,lead,1,1
2020,lead,1,2
2021,lead,1,3
2022,leading,1,1
2016,leaflet,1,1
2021,leaflet,1,2
2016,learn,1,1
2019,learn,1,2
2020,learn,1,3
2018,learners,2,2
2017,learning,1,1
2018,learning,1,2
2019,learning,5,7
2021,learning,4,11
2022,learning,1,12
2023,least,1,1
2018,legends,1,1
2016,less,1,1
2018,lesson,2,2
2018,lessons,1,1
2021,lessons,1,2
2022,lessons,2,4
2020,lets,1,1
2019,letter,1,1
2018,letting,1,1
2017,level,2,2
2019,leveldb,1,1
2017,levels,1,1
2018,levels,1,2
2021,leverage,1,1
2022,leverage,1,2
2020,leveraging,2,2
2023,leveraging,1,3
2018,liable,1,1
2018,libary,1,1
2017,libraries,3,3
2018,libraries,1,4
2019,libraries,2,6
2020,libraries,2,8
2021,libraries,1,9
2017,library,1,1
2019,library,2,3
2018,licence,1,1
2017,license,1,1
2023,license,1,2
2018,licenses,3,3
2018,licensing,2,2
2018,life,1,1
2017,like,1,1
2018,like,4,5
2019,like,1,6
2020,like,2,8
2021,like,1,9
2022,like,2,11
2018,limitations,1,1
2018,limited,1,1
2019,limited,2,3
2019,limits,1,1
2017,line,1,1
2023,line,1,2
2018,linear,5,5
2022,linear,1,6
2017,lines,1,1
2021,lines,1,2
2022,linguistically,1,1
2021,link,1,1
2019,linked,1,1
2017,linking,1,1
2019,linking,1,2
2017,linux,1,1
2018,list,1,1
2021,list,1,2
2017,literacy,2,2
2018,literate,1,1
2018,literature,1,1
2019,little,1,1
2021,lives,1,1
2018,lmms,3,3
2017,local,2,2
2021,local,1,3
2023,local,1,4
2021,locally,1,1
2021,locate,1,1
2021,location,1,1
2017,locations,2,2
2018,logistic,1,1
2017,long,1,1
2022,long,1,2
2018,longer,1,1
2020,longlasting,1,1
2019,longlat,1,1
2023,longrunning,1,1
2021,longterm,2,2
2023,longterm,1,3
2019,looking,1,1
2020,looking,1,2
2022,looking,1,3
2020,loss,1,1
2018,lot,1,1
2019,love,1,1
2017,low,1,1
2018,low,1,2
2022,lter,2,2
2022,lterdatasampler,2,2
2019,machine,3,3
2021,machine,2,5
2017,macos,1,1
2018,macos,2,3
2017,made,1,1
2018,made,3,4
2017,main,2,2
2018,main,2,4
2021,main,2,6
2018,mainly,1,1
2018,maintain,1,1
2020,maintain,1,2
2017,maintainers,1,1
2018,maintainers,1,2
2021,maintainers,1,3
2018,maintaining,1,1
2018,maintenance,2,2
2020,maintenance,1,3
2021,maintenance,2,5
2023,maintenance,1,6
2017,major,1,1
2018,major,1,2
2019,major,1,3
2020,major,2,5
2021,major,1,6
2018,majority,1,1
2016,make,2,2
2017,make,2,4
2018,make,4,8
2019,make,2,10
2020,make,5,15
2022,make,1,16
2020,makes,2,2
2021,makes,1,3
2017,making,1,1
2018,making,4,5
2019,making,1,6
2021,making,1,7
2017,manage,1,1
2017,management,1,1
2018,management,4,5
2022,management,4,9
2020,manager,1,1
2018,managers,1,1
2016,manipulated,2,2
2020,manipulating,1,1
2016,manipulation,2,2
2018,manner,1,1
2019,manner,1,2
2019,manually,1,1
2020,manuscript,1,1
2016,many,1,1
2018,many,5,6
2019,many,4,10
2020,many,3,13
2021,many,2,15
2019,map,1,1
2020,map,1,2
2018,mapped,1,1
2021,mapped,1,2
2021,mapping,1,1
2022,maps,1,1
2021,maptools,2,2
2016,mapview,2,2
2021,mapview,1,3
2018,margins,1,1
2020,markdown,2,2
2021,markdown,1,3
2022,markdown,1,4
2022,markdownbased,1,1
2018,marketing,1,1
2018,markup,1,1
2019,masters,1,1
2018,material,1,1
2022,material,1,2
2017,materials,2,2
2018,materials,3,5
2021,materials,3,8
2022,materials,3,11
2019,math,3,3
2018,mathematical,1,1
2022,mathematical,2,3
2019,mathematics,2,2
2021,maths,1,1
2019,matrices,1,1
2018,matrix,1,1
2020,matter,2,2
2020,matters,1,1
2020,mature,1,1
2018,may,1,1
2019,may,4,5
2021,may,1,6
2022,meaningful,1,1
2019,means,1,1
2020,means,1,2
2021,means,1,3
2022,means,1,4
2021,meant,1,1
2017,measurements,1,1
2016,mechanism,1,1
2016,mechanisms,1,1
2019,medicine,1,1
2018,meet,1,1
2021,meet,1,2
2016,meetups,1,1
2017,melbourne,1,1
2017,members,1,1
2018,members,2,3
2020,members,1,4
2021,members,1,5
2017,memory,2,2
2019,memory,1,3
2020,memory,1,4
2020,messages,1,1
2019,metaanalyses,1,1
2019,metaanalysis,1,1
2018,metacran,1,1
2018,metadata,9,9
2021,metadata,3,12
2019,metaresearch,1,1
2019,metaverse,1,1
2018,methodologies,1,1
2019,methodologies,1,2
2019,methodology,1,1
2016,methods,1,1
2018,methods,2,3
2020,methods,1,4
2022,methods,2,6
2017,michael,1,1
2019,might,1,1
2022,might,1,2
2021,migration,1,1
2019,millions,1,1
2019,minds,1,1
2020,mingwgcc,1,1
2021,minimize,2,2
2022,minimum,1,1
2021,mins,1,1
2018,missing,3,3
2022,missing,5,8
2016,mission,1,1
2019,mission,1,2
2020,mission,1,3
2018,mixed,5,5
2021,ml,1,1
2017,mode,1,1
2017,model,1,1
2018,model,17,18
2019,model,1,19
2020,model,1,20
2021,model,1,21
2022,modeling,1,1
2018,modelling,1,1
2020,modelling,3,4
2018,models,6,6
2021,models,1,7
2016,modern,1,1
2017,modern,2,3
2019,modern,2,5
2020,modern,2,7
2022,modern,1,8
2022,modernizing,1,1
2018,modest,1,1
2020,modify,1,1
2019,modifying,1,1
2021,modularplugin,1,1
2017,module,2,2
2021,modules,1,1
2022,modules,2,3
2023,molecular,1,1
2021,months,1,1
2022,mosquitoborne,1,1
2018,mostly,1,1
2021,mostly,1,2
2023,mostly,1,3
2022,motivate,1,1
2018,motivates,1,1
2021,mountainous,1,1
2018,move,1,1
2019,move,1,2
2020,move,1,3
2019,movement,9,9
2020,movement,3,12
2019,movements,1,1
2020,msys,1,1
2016,much,1,1
2018,much,2,3
2019,much,1,4
2021,multidisciplinary,1,1
2018,multilingual,1,1
2021,multipetabyte,1,1
2019,multiple,1,1
2019,music,1,1
2018,must,1,1
2019,must,2,3
2023,mutate,1,1
2017,mysqlmariadb,1,1
2019,name,1,1
2021,name,1,2
2021,named,1,1
2019,narasimhan,1,1
2018,nash,1,1
2021,national,1,1
2017,native,3,3
2021,natl,1,1
2019,nature,1,1
2018,navigate,1,1
2018,neal,1,1
2020,neal,1,2
2021,nearly,1,1
2018,necessary,1,1
2020,necessary,1,2
2021,necessary,1,3
2022,necessitates,1,1
2017,need,3,3
2018,need,6,9
2020,need,2,11
2022,need,2,13
2018,needed,1,1
2020,needed,1,2
2021,needed,1,3
2022,needed,1,4
2017,needs,1,1
2018,needs,2,3
2019,needs,2,5
2018,netcdfcf,1,1
2017,network,1,1
2019,network,1,2
2021,network,1,3
2022,network,2,5
2016,networking,1,1
2019,networks,2,2
2023,networks,1,3
2016,new,4,4
2017,new,2,6
2018,new,4,10
2019,new,4,14
2020,new,8,22
2021,new,4,26
2022,new,1,27
2023,new,1,28
2021,newcomers,1,1
2016,next,1,1
2017,next,1,2
2019,next,2,4
2019,ngos,1,1
2021,nigeria,1,1
2021,nightmare,1,1
2019,nloptr,1,1
2021,nonenglish,1,1
2019,nonfree,1,1
2019,nonlinear,1,1
2021,north,2,2
2019,northern,1,1
2020,now,1,1
2017,number,1,1
2019,number,3,4
2021,number,1,5
2022,number,1,6
2022,numbers,1,1
2018,numerical,1,1
2019,numerical,1,2
2018,numerous,1,1
2021,oak,1,1
2023,oas,2,2
2017,objective,1,1
2018,objective,1,2
2016,objects,1,1
2018,objects,2,3
2021,objects,1,4
2018,observational,1,1
2019,observe,1,1
2021,obstacle,1,1
2018,occasion,1,1
2022,occurring,1,1
2019,offer,1,1
2020,offered,1,1
2021,offered,1,2
2019,offering,1,1
2022,offering,1,2
2017,offers,1,1
2018,offers,1,2
2017,often,4,4
2018,often,2,6
2019,often,2,8
2021,often,2,10
2022,often,2,12
2018,older,1,1
2017,one,4,4
2018,one,3,7
2019,one,3,10
2020,one,1,11
2021,one,1,12
2016,oneday,1,1
2016,oneway,1,1
2017,ongoing,1,1
2018,ongoing,1,2
2019,ongoing,1,3
2021,ongoing,2,5
2018,online,2,2
2020,online,1,3
2022,online,5,8
2016,open,1,1
2017,open,1,2
2018,open,5,7
2019,open,5,12
2020,open,3,15
2021,open,1,16
2021,openaltimetry,1,1
2023,openapi,2,2
2019,opening,1,1
2017,opensource,1,1
2018,opensource,1,2
2020,opensource,1,3
2021,opensource,2,5
2023,opensource,1,6
2016,operate,1,1
2018,operation,1,1
2018,operations,1,1
2016,opportunities,1,1
2020,optimal,1,1
2019,optimization,2,2
2021,optimization,1,3
2019,optimx,1,1
2021,option,1,1
2017,optionally,1,1
2017,orchestrating,1,1
2019,order,1,1
2021,order,2,3
2020,organically,1,1
2016,organization,1,1
2020,organization,2,3
2017,organizations,2,2
2020,organizations,1,3
2019,organized,1,1
2020,organized,1,2
2017,organizer,1,1
2020,organizers,1,1
2022,organizers,1,2
2019,oriented,1,1
2018,original,1,1
2021,os,1,1
2023,os,1,2
2021,others,1,1
2022,others,1,2
2019,otherwise,1,1
2020,outbreak,1,1
2020,outdated,1,1
2022,outofthebox,1,1
2019,output,2,2
2021,output,1,3
2017,outputs,1,1
2019,outside,2,2
2020,outstanding,1,1
2021,outstanding,1,2
2021,overall,1,1
2020,overseeing,1,1
2018,owsr,2,2
2017,package,7,7
2018,package,9,16
2019,package,21,37
2020,package,10,47
2021,package,8,55
2022,package,12,67
2023,package,10,77
2016,packages,3,3
2017,packages,6,9
2018,packages,10,19
2019,packages,9,28
2020,packages,9,37
2021,packages,9,46
2022,packages,4,50
2023,packages,3,53
2018,padding,1,1
2019,page,1,1
2018,pages,2,2
2019,pages,1,3
2020,pandemic,1,1
2017,parallel,2,2
2023,parameters,1,1
2023,parsing,1,1
2018,parsnip,1,1
2017,part,1,1
2018,part,4,5
2020,part,1,6
2021,part,1,7
2022,partial,1,1
2017,participant,1,1
2017,participation,1,1
2019,particular,1,1
2021,particular,1,2
2022,particular,1,3
2018,particularly,1,1
2021,particularly,1,2
2021,partly,2,2
2020,partnerships,1,1
2022,parts,1,1
2016,pass,1,1
2020,past,1,1
2022,pdes,5,5
2020,pdf,1,1
2022,pedagogical,1,1
2022,peerreview,1,1
2018,people,1,1
2020,people,1,2
2020,per,1,1
2019,performance,1,1
2020,performance,1,2
2019,performed,1,1
2022,performed,1,2
2019,perhaps,1,1
2017,periodically,1,1
2017,persistently,1,1
2019,perspectives,1,1
2022,pertinent,1,1
2018,pharmaceutical,2,2
2019,pharmaceutical,1,3
2021,pharmaceuticals,1,1
2019,phase,2,2
2022,phenomena,1,1
2018,philipp,1,1
2020,pick,1,1
2019,pillars,1,1
2021,pip,1,1
2017,pipebased,1,1
2019,pipelines,1,1
2021,pit,1,1
2016,plan,1,1
2021,planetaryscale,1,1
2018,planned,1,1
2016,plans,1,1
2018,plans,1,2
2022,plans,1,3
2021,platelet,3,3
2018,platform,2,2
2020,platform,3,5
2021,platform,1,6
2016,platforms,1,1
2017,platforms,1,2
2020,play,1,1
2019,plays,1,1
2017,please,1,1
2018,please,1,2
2019,please,2,4
2018,plot,1,1
2019,plot,1,2
2020,plot,1,3
2022,plot,1,4
2019,plotly,1,1
2018,plotmath,1,1
2018,plots,1,1
2021,plugins,1,1
2017,point,1,1
2019,point,1,2
2018,points,1,1
2019,points,1,2
2020,points,1,3
2019,policy,1,1
2019,poorly,1,1
2017,popular,1,1
2018,popular,1,2
2021,popular,2,4
2018,popularity,1,1
2017,portable,1,1
2018,portal,2,2
2016,porting,2,2
2019,poses,1,1
2023,posing,1,1
2018,possible,2,2
2017,possibly,1,1
2018,possibly,1,2
2020,postgis,1,1
2017,postgresql,1,1
2019,postprocessing,1,1
2020,postprocessing,1,2
2020,potential,1,1
2022,potential,1,2
2017,potentially,1,1
2019,power,5,5
2016,powerful,1,1
2019,powerful,2,3
2020,powerful,1,4
2019,powers,1,1
2019,practical,1,1
2020,practices,1,1
2021,practices,1,2
2023,practices,1,3
2017,practitioners,2,2
2018,practitioners,1,3
2021,precision,1,1
2017,precompiled,1,1
2018,precompiled,1,2
2020,predates,1,1
2023,predecessor,1,1
2021,predict,1,1
2023,predict,1,2
2021,prediction,3,3
2018,predictive,1,1
2021,prepare,1,1
2021,prepared,1,1
2021,preparing,1,1
2019,preprocessing,1,1
2020,preprocessing,1,2
2017,present,1,1
2018,present,1,2
2019,present,1,3
2019,presentation,1,1
2017,presented,1,1
2018,presenting,2,2
2021,presents,1,1
2020,presser,1,1
2019,preventing,1,1
2018,previous,2,2
2022,primarily,1,1
2019,primary,1,1
2018,principles,1,1
2017,printing,1,1
2020,priority,1,1
2021,problem,1,1
2022,problem,1,2
2019,problematic,1,1
2018,problems,1,1
2019,problems,7,8
2022,problems,1,9
2021,proc,1,1
2021,procedures,1,1
2023,procedures,1,2
2016,process,2,2
2019,process,4,6
2021,process,2,8
2022,process,2,10
2023,process,2,12
2020,processes,1,1
2021,processes,2,3
2017,processing,4,4
2019,produce,1,1
2022,produce,1,2
2021,producing,1,1
2017,production,1,1
2018,production,3,4
2019,production,1,5
2018,productivity,1,1
2021,products,1,1
2019,professionals,2,2
2021,professionals,2,4
2019,profile,1,1
2019,profiler,2,2
2019,profilers,1,1
2017,profiling,2,2
2017,profvis,1,1
2019,profvis,1,2
2016,program,1,1
2017,program,1,2
2018,program,1,3
2020,program,1,4
2019,programmable,1,1
2021,programmatic,1,1
2018,programmers,2,2
2019,programmers,1,3
2016,programming,1,1
2017,programming,1,2
2018,programming,1,3
2019,programming,4,7
2018,programs,1,1
2019,programs,3,4
2018,progress,1,1
2019,progressively,1,1
2016,project,7,7
2017,project,16,23
2018,project,16,39
2019,project,14,53
2020,project,9,62
2021,project,13,75
2022,project,14,89
2023,project,6,95
2016,projects,1,1
2017,projects,1,2
2018,projects,3,5
2019,projects,2,7
2021,projects,1,8
2018,promote,1,1
2019,promote,1,2
2023,promoting,1,1
2016,prone,1,1
2017,propagation,1,1
2019,proper,1,1
2017,properlyresolved,1,1
2023,properties,2,2
2023,propertybased,1,1
2017,proportion,1,1
2018,proportion,1,2
2016,proposal,1,1
2018,proposal,1,2
2021,proposal,2,4
2022,proposal,4,8
2023,proposal,1,9
2018,propose,1,1
2019,propose,3,4
2020,propose,1,5
2021,propose,1,6
2021,proposed,3,3
2023,proposed,1,4
2017,proposes,1,1
2018,proposes,1,2
2022,proposes,3,5
2017,prose,1,1
2018,prospective,1,1
2018,protecting,1,1
2018,prototyping,1,1
2019,prototyping,1,2
2020,prototyping,1,3
2016,proven,1,1
2019,proven,1,2
2016,provide,1,1
2017,provide,2,3
2018,provide,2,5
2019,provide,8,13
2020,provide,2,15
2021,provide,3,18
2022,provide,6,24
2019,provided,1,1
2018,providers,1,1
2016,provides,1,1
2018,provides,4,5
2020,provides,1,6
2021,provides,1,7
2017,providing,1,1
2018,providing,5,6
2019,providing,2,8
2020,providing,1,9
2021,providing,1,10
2022,providing,1,11
2023,providing,1,12
2019,proving,1,1
2018,psi,1,1
2018,psychology,1,1
2018,publication,2,2
2021,publication,1,3
2020,publications,1,1
2021,publicly,1,1
2018,publish,1,1
2021,published,1,1
2018,publishes,1,1
2018,publishing,1,1
2019,publishing,1,2
2019,pull,1,1
2021,pupils,2,2
2021,purpose,2,2
2017,purposes,1,1
2019,purposes,1,2
2021,put,2,2
2018,putting,1,1
2019,python,3,3
2021,python,2,5
2018,quality,1,1
2019,quality,1,2
2021,quality,1,3
2017,quantity,2,2
2022,quarto,1,1
2017,questions,1,1
2022,questionsthe,1,1
2019,quick,1,1
2020,quickly,1,1
2016,r,25,25
2017,r,27,52
2018,r,45,97
2019,r,43,140
2020,r,24,164
2021,r,36,200
2022,r,21,221
2023,r,10,231
2017,rack,1,1
2018,random,4,4
2019,random,1,5
2023,randomize,1,1
2019,range,2,2
2018,rapid,1,1
2020,rapid,1,2
2017,raster,1,1
2021,raster,1,2
2021,rated,1,1
2018,rather,1,1
2016,rbased,1,1
2018,rconsortium,1,1
2018,rcore,1,1
2020,rcore,1,2
2019,rcpp,1,1
2019,rcppdeepstate,1,1
2019,rcppdeepstatetools,1,1
2016,rd,2,2
2019,rd,1,3
2021,rdata,1,1
2017,rdbms,1,1
2018,reach,1,1
2019,reach,2,3
2021,reach,1,4
2019,read,1,1
2019,readers,2,2
2019,readily,1,1
2018,reading,1,1
2018,readwrite,1,1
2017,ready,1,1
2021,readytouse,1,1
2018,real,1,1
2020,realm,1,1
2022,realworld,2,2
2018,reasons,1,1
2016,received,1,1
2017,recommended,1,1
2020,recon,1,1
2019,reconsider,1,1
2019,reconstruction,1,1
2020,recorded,1,1
2017,records,1,1
2019,recruited,1,1
2021,recruited,1,2
2016,redd,1,1
2021,redesigning,1,1
2019,reduce,1,1
2023,reduce,1,2
2016,reducing,1,1
2019,reducing,1,2
2017,reference,2,2
2018,reference,2,4
2020,reference,1,5
2021,reference,1,6
2023,reference,1,7
2016,regional,1,1
2017,regions,1,1
2022,regions,1,2
2018,regression,1,1
2020,regular,1,1
2021,regular,1,2
2023,regularly,1,1
2018,regulatory,2,2
2019,regulatory,3,5
2018,related,1,1
2022,related,1,2
2021,relating,1,1
2021,relation,1,1
2021,relational,1,1
2019,relatively,1,1
2020,relatively,1,2
2020,released,2,2
2021,released,1,3
2019,releasing,1,1
2017,relevant,1,1
2019,relevant,1,2
2020,relevant,1,3
2021,relevant,1,4
2022,relevant,1,5
2023,reliability,1,1
2019,reliable,2,2
2023,reliable,1,3
2022,reliance,1,1
2019,relies,1,1
2018,relieve,1,1
2020,relieving,1,1
2017,rely,1,1
2018,rely,1,2
2019,rely,1,3
2016,remain,1,1
2017,remained,1,1
2018,remains,1,1
2018,reminders,1,1
2017,remote,1,1
2020,remote,1,2
2017,remotely,1,1
2020,remove,1,1
2018,render,1,1
2017,replacement,1,1
2020,repo,1,1
2018,reports,1,1
2020,reports,1,2
2018,repositories,1,1
2021,repositories,5,6
2018,repository,2,2
2020,repository,1,3
2018,representation,3,3
2020,representation,1,4
2020,representations,1,1
2018,representatives,1,1
2021,reproduced,1,1
2019,reproducibility,1,1
2022,reproducibility,1,2
2018,reproducible,2,2
2019,reproducible,2,4
2017,request,1,1
2022,requested,1,1
2019,requests,1,1
2021,requests,1,2
2019,require,1,1
2016,required,1,1
2017,required,1,2
2019,required,1,3
2023,required,1,4
2019,requires,1,1
2020,requires,1,2
2021,requiring,1,1
2017,research,1,1
2019,research,4,5
2021,research,3,8
2022,research,4,12
2017,researchers,1,1
2020,researchers,1,2
2022,researchers,1,3
2023,researchers,1,4
2017,reside,2,2
2019,resort,1,1
2019,resource,1,1
2020,resource,1,2
2022,resource,1,3
2016,resources,1,1
2018,resources,3,4
2020,resources,8,12
2021,resources,1,13
2017,respective,1,1
2020,respond,1,1
2017,response,1,1
2020,response,4,5
2021,response,1,6
2020,responses,1,1
2017,rest,1,1
2019,restricted,1,1
2023,restricts,1,1
2016,result,1,1
2019,result,1,2
2017,results,1,1
2019,results,2,3
2019,resumecv,1,1
2021,reticulate,1,1
2021,retirement,4,4
2021,retiring,1,1
2016,return,1,1
2016,reudenbach,1,1
2018,reusable,2,2
2018,reused,1,1
2019,revealing,1,1
2022,review,1,1
2017,reviewer,1,1
2018,reviews,1,1
2019,reviews,1,2
2022,reviews,2,4
2022,revision,1,1
2021,rgdal,2,2
2021,rgee,4,4
2021,rgeebook,1,1
2021,rgeeextra,1,1
2021,rgeos,2,2
2021,rgirls,2,2
2021,rgirlsschool,1,1
2021,rgs,1,1
2017,rhub,1,1
2018,rhub,7,8
2020,richardson,1,1
2016,rigor,1,1
2016,riot,1,1
2018,rise,1,1
2019,risk,2,2
2023,risks,1,1
2022,rj,1,1
2022,rjtools,1,1
2020,rladies,8,8
2016,rln,1,1
2018,rmariadb,1,1
2021,rmariadb,2,3
2023,rmariadb,1,4
2018,rmarkdown,2,2
2019,rmarkdown,1,3
2020,rmarkdown,1,4
2019,road,1,1
2021,robotics,1,1
2019,robust,2,2
2020,robust,2,4
2021,robustness,1,1
2018,rogers,2,2
2019,roi,1,1
2018,role,1,1
2019,role,1,2
2017,roles,1,1
2020,roles,1,2
2017,rolled,1,1
2022,ropensci,1,1
2020,rotating,1,1
2019,routine,1,1
2021,routine,1,2
2018,rpackage,1,1
2018,rpackages,2,2
2020,rpackages,1,3
2018,rpostgres,1,1
2021,rpostgres,2,3
2023,rpostgres,1,4
2017,rprof,2,2
2019,rprof,2,4
2021,rrstudio,1,1
2017,rs,1,1
2018,rs,1,2
2019,rs,1,3
2022,rs,1,4
2017,rsqlite,1,1
2018,rsqlite,1,2
2021,rsqlite,2,4
2023,rsqlite,1,5
2021,rstudio,1,1
2019,rsympy,2,2
2020,rtojavascript,1,1
2018,rtools,1,1
2020,rtools,1,2
2018,rugs,1,1
2018,rule,1,1
2018,rules,1,1
2017,run,1,1
2022,run,1,2
2019,running,3,3
2020,running,1,4
2016,runs,1,1
2019,rusers,1,1
2021,rust,1,1
2019,ryacas,2,2
2018,s,1,1
2019,s,1,2
2021,s,1,3
2019,sample,3,3
2017,sampled,1,1
2019,samples,1,1
2022,samples,2,3
2019,sampling,2,2
2021,satellite,1,1
2022,satrday,2,2
2016,satrdays,1,1
2017,satrdays,2,3
2022,satrdays,3,6
2022,save,1,1
2021,sbcpip,2,2
2020,scalable,1,1
2021,scalable,1,2
2019,scene,1,1
2021,scheduled,1,1
2018,schirmer,1,1
2017,school,2,2
2019,school,1,3
2021,school,5,8
2021,schools,1,1
2021,sci,1,1
2018,science,1,1
2019,science,1,2
2020,science,2,4
2021,science,9,13
2022,science,4,17
2019,scientific,1,1
2020,scientific,3,4
2022,scientific,1,5
2021,scientist,1,1
2017,scientists,1,1
2018,scientists,1,2
2023,scientists,2,4
2021,scope,1,1
2020,scott,1,1
2019,script,1,1
2017,scripts,1,1
2018,scripts,1,2
2021,scripts,1,3
2018,sdi,1,1
2020,se,1,1
2019,sea,1,1
2018,seamless,1,1
2020,seamless,1,2
2019,search,1,1
2018,second,2,2
2022,secondorder,1,1
2020,secrets,1,1
2016,section,1,1
2023,secure,2,2
2023,security,2,2
2018,see,1,1
2018,seek,2,2
2018,seeks,1,1
2020,seeks,1,2
2022,seeks,1,3
2021,seen,1,1
2018,select,1,1
2017,selected,1,1
2021,selected,3,4
2022,selfcontained,1,1
2022,semiurban,1,1
2018,send,1,1
2019,send,1,2
2019,sense,1,1
2017,sensing,1,1
2019,series,1,1
2017,servants,1,1
2018,serve,1,1
2019,serve,1,2
2021,serve,1,3
2017,server,2,2
2018,serverless,2,2
2017,servers,2,2
2022,serves,1,1
2018,services,1,1
2021,services,2,3
2021,serving,1,1
2017,set,3,3
2018,set,1,4
2019,set,1,5
2021,set,1,6
2022,set,1,7
2017,sets,1,1
2018,sets,1,2
2020,sets,1,3
2018,setting,1,1
2019,setting,2,3
2017,setup,1,1
2017,several,1,1
2018,several,3,4
2019,several,4,8
2020,several,1,9
2022,several,1,10
2019,sf,1,1
2020,sf,4,5
2021,sf,2,7
2019,sfbased,1,1
2020,sfdbi,2,2
2018,sflink,1,1
2019,sfnetwork,1,1
2019,sfnetworks,1,1
2020,sftime,2,2
2020,sftrack,4,4
2019,sftraj,1,1
2018,shall,1,1
2019,shall,1,2
2020,shall,1,3
2018,share,2,2
2022,share,2,4
2017,sharealike,1,1
2018,shared,1,1
2018,sharing,1,1
2021,sharing,6,7
2019,sharp,1,1
2021,shc,1,1
2021,shelf,1,1
2017,shiny,1,1
2019,shiny,2,3
2020,shiny,1,4
2021,shiny,1,5
2022,shiny,1,6
2021,short,1,1
2021,showcasing,1,1
2019,shown,1,1
2018,sig,1,1
2017,significant,1,1
2021,significant,1,2
2023,significantly,1,1
2018,similar,1,1
2020,similar,1,2
2021,similar,1,3
2016,simple,1,1
2018,simple,1,2
2019,simple,1,3
2021,simple,2,5
2016,simplified,1,1
2017,simplified,1,2
2016,simplify,2,2
2017,simplify,1,3
2019,simplify,1,4
2021,simplify,1,5
2020,simply,1,1
2023,simpol,1,1
2021,since,1,1
2018,single,1,1
2019,single,1,2
2018,site,1,1
2021,site,1,2
2021,sites,1,1
2022,sites,1,2
2019,sits,1,1
2021,six,1,1
2019,size,3,3
2018,sizes,1,1
2019,skilled,1,1
2017,skills,1,1
2021,skills,1,2
2020,slow,1,1
2020,slower,1,1
2019,small,1,1
2017,societies,1,1
2017,society,1,1
2021,socioeconomic,1,1
2017,software,1,1
2018,software,2,3
2019,software,4,7
2021,software,1,8
2022,software,1,9
2020,solely,1,1
2022,solicit,1,1
2019,solution,3,3
2020,solution,1,4
2023,solution,1,5
2018,solutions,1,1
2020,solutions,1,2
2021,solutions,1,3
2019,solve,2,2
2021,solve,1,3
2022,solve,1,4
2019,solvers,2,2
2019,solving,3,3
2022,solving,2,5
2019,something,1,1
2020,sometimes,1,1
2019,sophisticated,1,1
2017,source,4,4
2018,source,4,8
2019,source,2,10
2020,source,1,11
2022,sources,1,1
2021,south,2,2
2019,space,1,1
2020,space,1,2
2017,spanish,1,1
2017,spark,1,1
2016,spatial,1,1
2018,spatial,3,4
2019,spatial,4,8
2020,spatial,5,13
2021,spatial,1,14
2022,spatial,6,20
2017,spatiotemporal,1,1
2020,spatiotemporal,5,6
2022,spatiotemporal,2,8
2020,spcopula,1,1
2017,speccompliant,1,1
2018,special,1,1
2020,special,1,2
2018,specific,1,1
2019,specific,2,3
2021,specific,2,5
2019,specifically,1,1
2021,specifically,1,2
2017,specification,2,2
2018,specification,1,3
2021,specification,1,4
2023,specification,1,5
2016,specifications,1,1
2019,specifications,1,2
2023,specifications,1,3
2018,specified,1,1
2018,specify,1,1
2017,specs,1,1
2019,spectrum,1,1
2022,spin,1,1
2019,sport,1,1
2020,spread,1,1
2022,spread,1,2
2021,stability,1,1
2019,stable,1,1
2017,stack,1,1
2021,stack,1,2
2017,stacks,1,1
2019,stage,3,3
2019,stages,1,1
2020,stages,1,2
2022,stages,1,3
2020,standalone,1,1
2016,standard,2,2
2018,standard,2,4
2019,standard,1,5
2017,standardise,1,1
2019,standardise,1,2
2016,standardization,2,2
2016,standardize,1,1
2017,standards,1,1
2020,standards,1,2
2023,standards,1,3
2021,stanford,1,1
2017,stars,1,1
2020,stars,1,2
2021,start,1,1
2019,started,1,1
2020,starting,1,1
2017,starts,1,1
2018,state,1,1
2020,state,1,2
2017,static,1,1
2018,statistical,1,1
2019,statistical,4,5
2020,statistical,1,6
2022,statistical,1,7
2017,statisticians,1,1
2018,statisticians,1,2
2023,statisticians,1,3
2018,statistics,1,1
2019,statistics,1,2
2021,statistics,2,4
2022,statistics,1,5
2021,stats,1,1
2018,statsformula,1,1
2022,status,1,1
2019,stay,1,1
2019,steep,1,1
2017,step,1,1
2018,step,1,2
2019,step,1,3
2016,steps,1,1
2020,steps,1,2
2021,steps,1,3
2019,stepwise,1,1
2018,still,3,3
2021,storage,1,1
2018,stored,1,1
2021,story,1,1
2019,straightforward,1,1
2023,streamlines,1,1
2016,street,1,1
2020,street,1,2
2018,strengthen,1,1
2018,string,1,1
2018,strings,1,1
2018,structural,1,1
2023,structural,1,2
2016,structure,2,2
2018,structure,3,5
2020,structure,1,6
2023,structure,2,8
2017,structures,1,1
2018,structures,1,2
2023,structures,1,3
2019,student,1,1
2019,students,1,1
2022,students,1,2
2019,studies,3,3
2020,studies,1,4
2019,study,3,3
2021,subcommunity,1,1
2018,subject,1,1
2021,subject,1,2
2021,subjects,1,1
2021,submission,1,1
2022,submission,4,5
2019,submissions,1,1
2022,submissions,1,2
2021,submit,1,1
2018,submitted,1,1
2020,submitted,2,3
2023,submitted,1,4
2019,submitting,1,1
2019,subtle,1,1
2018,success,1,1
2021,success,2,3
2023,success,1,4
2018,successful,1,1
2020,successful,2,3
2021,sudan,1,1
2019,suggest,1,1
2020,suggest,1,2
2017,suitability,1,1
2018,suitable,1,1
2021,suitable,1,2
2018,suite,1,1
2019,suite,1,2
2020,suite,1,3
2021,suite,1,4
2023,suite,1,5
2018,suited,1,1
2019,summaries,1,1
2019,summarize,1,1
2020,summarize,1,2
2018,summarizing,1,1
2019,summarizing,1,2
2017,summaryrprof,1,1
2019,supervisors,1,1
2016,support,1,1
2017,support,4,5
2018,support,5,10
2019,support,2,12
2020,support,4,16
2021,support,5,21
2023,support,1,22
2016,supported,1,1
2018,supported,1,2
2019,supported,1,3
2021,supported,1,4
2020,supporting,1,1
2017,supports,1,1
2018,supports,1,2
2019,supports,2,4
2020,supports,1,5
2019,sure,1,1
2020,sure,1,2
2018,survey,1,1
2021,survey,1,2
2018,survival,1,1
2017,sustainable,1,1
2021,sustainable,1,2
2018,sweave,1,1
2017,swig,4,4
2019,switch,1,1
2019,switched,1,1
2018,symbolic,8,8
2019,symbolic,8,16
2019,sympy,4,4
2019,syntax,1,1
2020,syntax,1,2
2019,synthesis,3,3
2016,system,5,5
2017,system,4,9
2018,system,2,11
2019,system,1,12
2020,system,3,15
2021,system,1,16
2022,system,2,18
2019,systematic,2,2
2021,systematic,1,3
2023,systematically,1,1
2017,systems,4,4
2019,systems,2,6
2023,systems,1,7
2019,t,1,1
2018,tables,1,1
2021,tackle,1,1
2017,take,1,1
2019,taken,1,1
2019,takes,1,1
2018,tap,1,1
2018,targeting,1,1
2016,task,2,2
2018,task,1,3
2019,task,1,4
2020,task,1,5
2021,task,1,6
2022,task,2,8
2020,tasking,1,1
2018,tasks,1,1
2019,tasks,3,4
2020,tasks,2,6
2021,tasks,5,11
2023,tasks,1,12
2020,taskshotosmorg,1,1
2021,teach,1,1
2021,teachers,4,4
2018,teaching,3,3
2019,teaching,1,4
2022,teaching,1,5
2021,team,1,1
2018,teaming,1,1
2018,technical,3,3
2019,technical,1,4
2020,technical,1,5
2022,technically,1,1
2020,technologies,1,1
2022,technologies,1,2
2019,technology,1,1
2017,teenage,1,1
2022,template,3,3
2019,templates,1,1
2022,templates,1,2
2019,temporal,1,1
2017,tensorflow,1,1
2017,term,1,1
2022,term,1,2
2018,terms,1,1
2017,test,4,4
2018,test,2,6
2019,test,3,9
2021,test,1,10
2023,test,1,11
2020,tested,1,1
2021,tested,1,2
2019,testers,1,1
2017,testing,1,1
2019,testing,4,5
2020,testing,6,11
2023,testing,4,15
2020,tests,2,2
2018,text,7,7
2018,thematic,1,1
2018,theme,1,1
2019,theoretical,1,1
2018,thereby,1,1
2020,thereby,1,2
2016,therefore,1,1
2018,therefore,1,2
2021,therefore,1,3
2019,third,1,1
2017,thirdparty,1,1
2018,thomas,1,1
2018,thoroughly,1,1
2019,though,1,1
2021,though,1,2
2016,three,1,1
2018,three,2,3
2019,three,1,4
2021,three,2,6
2023,three,2,8
2022,throughout,1,1
2017,thus,1,1
2019,thus,3,4
2018,tidy,1,1
2019,tidy,1,2
2022,tidy,1,3
2019,tidygraph,1,1
2017,tidyverse,1,1
2022,ties,1,1
2016,tim,1,1
2017,time,1,1
2018,time,1,2
2019,time,1,3
2020,time,2,5
2021,time,1,6
2022,time,2,8
2023,time,1,9
2018,timeconsuming,1,1
2019,timeconsuming,1,2
2021,timetable,1,1
2018,titles,1,1
2023,tls,1,1
2019,tobyhockingnauedu,1,1
2017,tocome,1,1
2018,today,1,1
2016,todays,1,1
2019,together,1,1
2020,together,2,3
2021,together,1,4
2016,tool,1,1
2017,tool,1,2
2019,tool,3,5
2022,tool,1,6
2018,toolchain,1,1
2020,toolchain,1,2
2020,toolchains,1,1
2016,tooling,1,1
2020,tooling,1,2
2022,tooling,2,4
2016,tools,2,2
2018,tools,5,7
2019,tools,11,18
2020,tools,2,20
2021,tools,1,21
2022,tools,1,22
2023,tools,1,23
2022,topics,1,1
2020,toplevel,1,1
2021,total,1,1
2020,towards,1,1
2019,track,1,1
2018,tracking,1,1
2019,tracking,3,4
2020,tracking,4,8
2022,tracking,1,9
2016,training,2,2
2017,training,1,3
2021,training,5,8
2022,training,1,9
2019,trajectory,2,2
2016,transfer,1,1
2021,transform,1,1
2016,transformation,1,1
2017,translated,1,1
2018,translated,1,2
2022,translated,2,4
2020,translates,1,1
2021,translation,1,1
2016,translations,1,1
2021,translations,1,2
2022,translations,1,3
2018,transparency,1,1
2019,transparent,1,1
2020,transparent,1,2
2020,transpiler,2,2
2019,transportation,1,1
2017,tremendously,1,1
2018,trends,1,1
2023,trusted,1,1
2019,try,1,1
2021,turn,1,1
2017,tutorials,1,1
2018,tutorials,1,2
2019,tutorials,1,3
2021,tutorials,2,5
2022,tutorials,1,6
2021,tutors,2,2
2016,two,1,1
2017,two,1,2
2018,two,3,5
2019,two,1,6
2020,two,2,8
2021,two,3,11
2016,twoday,1,1
2017,twodimensional,1,1
2019,twodimensional,1,2
2022,twodimensional,1,3
2016,twoway,1,1
2016,type,1,1
2017,type,1,2
2022,types,1,1
2018,typesetting,1,1
2023,typetracer,2,2
2021,u,1,1
2021,uk,2,2
2022,ultimate,1,1
2016,ultimately,1,1
2018,ultimately,1,2
2021,unaware,1,1
2018,underlying,1,1
2020,underlying,1,2
2021,underrepresented,1,1
2018,understand,1,1
2019,understand,3,4
2020,understand,2,6
2019,understanding,2,2
2021,understanding,1,3
2017,unified,1,1
2018,unified,2,3
2021,unified,1,4
2022,unified,1,5
2022,uniformity,1,1
2020,unit,2,2
2016,unite,1,1
2017,units,3,3
2018,units,1,4
2019,university,1,1
2023,untrusted,1,1
2019,update,1,1
2020,update,1,2
2017,updated,1,1
2020,updates,1,1
2021,updates,1,2
2018,updating,1,1
2018,upgrade,1,1
2022,upgrade,1,2
2020,upgrades,1,1
2022,upgrading,1,1
2022,upon,1,1
2023,upon,1,2
2018,upstream,1,1
2019,uptake,1,1
2018,uptodate,1,1
2022,urban,1,1
2018,us,6,6
2019,us,3,9
2022,us,1,10
2017,usa,1,1
2017,usability,1,1
2019,usability,2,3
2017,usage,1,1
2021,usage,2,3
2016,use,1,1
2017,use,8,9
2018,use,7,16
2019,use,10,26
2021,use,6,32
2023,use,1,33
2016,used,1,1
2017,used,1,2
2018,used,6,8
2019,used,7,15
2020,used,2,17
2021,used,2,19
2022,used,3,22
2023,used,1,23
2019,useful,2,2
2020,useful,1,3
2016,user,3,3
2017,user,3,6
2018,user,1,7
2019,user,1,8
2022,user,2,10
2018,userfriendly,1,1
2016,users,2,2
2017,users,3,5
2018,users,7,12
2019,users,13,25
2020,users,2,27
2021,users,7,34
2022,users,2,36
2018,uses,1,1
2020,uses,1,2
2021,uses,1,3
2016,using,1,1
2017,using,3,4
2019,using,5,9
2020,using,2,11
2021,using,5,16
2022,using,3,19
2023,using,1,20
2021,usually,1,1
2019,utilise,1,1
2022,utilize,1,1
2023,utilize,1,2
2022,utilizing,1,1
2023,utilizing,1,2
2018,ux,1,1
2020,v,1,1
2016,vague,1,1
2017,validating,1,1
2018,validation,4,4
2019,validation,2,6
2018,validator,1,1
2018,valuable,1,1
2022,valuable,1,2
2016,values,1,1
2017,values,1,2
2019,values,1,3
2022,values,6,9
2018,variancecovariance,1,1
2018,varies,1,1
2019,variety,1,1
2017,various,1,1
2018,various,1,2
2020,various,1,3
2022,various,2,5
2023,various,1,6
2019,vast,1,1
2020,vcr,1,1
2017,vectors,1,1
2018,venables,1,1
2021,verbs,1,1
2020,version,3,3
2021,version,1,4
2022,version,2,6
2017,versions,1,1
2018,via,2,2
2019,via,3,5
2020,via,1,6
2021,via,2,8
2022,via,1,9
2017,view,2,2
2019,view,1,3
2022,view,3,6
2018,views,1,1
2021,views,1,2
2022,vignette,1,1
2022,viral,1,1
2021,virtual,1,1
2020,visualisation,1,1
2019,visualisations,1,1
2020,visualise,1,1
2022,visualise,1,2
2018,visualization,1,1
2019,visualization,1,2
2021,visualization,1,3
2022,visualization,1,4
2016,visualizations,1,1
2019,visualizations,1,2
2022,visualizations,1,3
2019,visualize,1,1
2021,visualize,1,2
2017,visualized,1,1
2016,visualizing,1,1
2018,vital,1,1
2019,vital,1,2
2021,vital,1,3
2023,vital,1,4
2023,volatility,3,3
2023,volcalc,1,1
2020,volunteers,1,1
2021,volunteers,1,2
2018,want,4,4
2019,want,1,5
2020,want,2,7
2021,want,3,10
2018,wants,1,1
2022,warning,1,1
2021,waste,1,1
2016,way,2,2
2018,way,3,5
2019,way,1,6
2017,ways,1,1
2018,web,4,4
2019,web,1,5
2020,web,4,9
2022,web,1,10
2020,webbased,1,1
2022,webbased,1,2
2019,webchem,2,2
2020,webmockr,1,1
2017,website,1,1
2019,website,2,3
2020,website,1,4
2021,website,1,5
2022,website,4,9
2018,websitewiki,1,1
2023,weight,1,1
2017,welcome,1,1
2017,welcoming,1,1
2017,well,1,1
2018,well,2,3
2019,well,2,5
2020,well,5,10
2019,welldeveloped,1,1
2020,wellstructured,1,1
2021,west,2,2
2018,whatever,1,1
2018,whether,1,1
2019,whether,1,2
2018,whose,1,1
2019,whose,1,2
2020,whose,1,3
2017,wide,1,1
2019,wide,3,4
2018,widely,2,2
2020,widely,1,3
2018,wider,1,1
2020,wider,1,2
2023,wider,1,3
2023,widespread,1,1
2021,width,1,1
2020,wiki,1,1
2018,wilkinson,2,2
2020,willing,1,1
2017,windows,1,1
2018,windows,3,4
2020,windows,3,7
2019,wishing,1,1
2021,wishing,1,2
2016,within,1,1
2018,within,2,3
2019,within,3,6
2021,within,2,8
2023,within,2,10
2017,without,2,2
2021,without,1,3
2022,without,2,5
2017,women,2,2
2021,women,1,3
2017,womens,1,1
2018,word,1,1
2017,work,2,2
2018,work,5,7
2019,work,6,13
2020,work,2,15
2021,work,3,18
2023,work,1,19
2019,worked,1,1
2018,workers,2,2
2016,workflow,1,1
2019,workflow,1,2
2020,workflow,1,3
2021,workflow,1,4
2022,workflow,1,5
2017,workflows,1,1
2018,workflows,1,2
2019,workflows,3,5
2020,workflows,1,6
2021,workflows,1,7
2016,working,2,2
2017,working,2,4
2018,working,6,10
2019,working,1,11
2021,working,3,14
2018,workplan,1,1
2016,workshop,1,1
2017,workshops,3,3
2021,workshops,1,4
2019,world,2,2
2020,world,1,3
2021,world,1,4
2022,world,1,5
2021,worth,1,1
2020,woven,1,1
2021,wrap,1,1
2017,wrapper,1,1
2018,wrapper,1,2
2018,wrappers,1,1
2017,write,1,1
2021,write,1,2
2018,writing,2,2
2019,writing,1,3
2017,written,1,1
2018,xml,1,1
2019,xyz,1,1
2019,yacas,3,3
2018,yearly,1,1
2017,years,1,1
2018,years,1,2
2020,years,1,3
2021,years,3,6
2017,yet,1,1
2018,yet,1,2
2019,yet,1,3
2021,yet,2,5
2020,youd,1,1
2018,younger,1,1
2017,zealand,1,1
2021,zimbabwe,1,1
